sample_id	domain	ecosystem	data_source	accession	has_flux	flux_value	flux_unit	latitude	longitude	depth_cm	salinity_ppt	temperature_c	collection_date	notes
RUMEN_MAG_001	rumen	rumen	ENA	TBD	FALSE	NA	NA	NA	NA	NA	NA	NA	NA	PRJEB81441; methanogen MAG; replace accession
RUMEN_MAG_002	rumen	rumen	ENA	TBD	FALSE	NA	NA	NA	NA	NA	NA	NA	NA	PRJEB81441; methanogen MAG; replace accession
RUMEN_MAG_003	rumen	rumen	ENA	TBD	FALSE	NA	NA	NA	NA	NA	NA	NA	NA	PRJEB81441; methanogen MAG; replace accession
RUMEN_MAG_004	rumen	rumen	ENA	TBD	FALSE	NA	NA	NA	NA	NA	NA	NA	NA	PRJEB81441; methanogen MAG; replace accession
RUMEN_MAG_005	rumen	rumen	ENA	TBD	FALSE	NA	NA	NA	NA	NA	NA	NA	NA	PRJEB81441; methanogen MAG; replace accession
RUMEN_MAG_006	rumen	rumen	ENA	TBD	FALSE	NA	NA	NA	NA	NA	NA	NA	NA	PRJEB81441; methanogen MAG; replace accession
RUMEN_MAG_007	rumen	rumen	ENA	TBD	FALSE	NA	NA	NA	NA	NA	NA	NA	NA	PRJEB81441; methanogen MAG; replace accession
RUMEN_MAG_008	rumen	rumen	ENA	TBD	FALSE	NA	NA	NA	NA	NA	NA	NA	NA	PRJEB81441; methanogen MAG; replace accession
RUMEN_MAG_009	rumen	rumen	ENA	TBD	FALSE	NA	NA	NA	NA	NA	NA	NA	NA	PRJEB81441; methanogen MAG; replace accession
RUMEN_MAG_010	rumen	rumen	ENA	TBD	FALSE	NA	NA	NA	NA	NA	NA	NA	NA	PRJEB81441; methanogen MAG; replace accession
RUMEN_MAG_011	rumen	rumen	ENA	TBD	FALSE	NA	NA	NA	NA	NA	NA	NA	NA	PRJEB81441; methanogen MAG; replace accession
RUMEN_MAG_012	rumen	rumen	ENA	TBD	FALSE	NA	NA	NA	NA	NA	NA	NA	NA	PRJEB81441; methanogen MAG; replace accession
RUMEN_MAG_013	rumen	rumen	ENA	TBD	FALSE	NA	NA	NA	NA	NA	NA	NA	NA	PRJEB81441; methanogen MAG; replace accession
RUMEN_MAG_014	rumen	rumen	ENA	TBD	FALSE	NA	NA	NA	NA	NA	NA	NA	NA	PRJEB81441; methanogen MAG; replace accession
RUMEN_MAG_015	rumen	rumen	ENA	TBD	FALSE	NA	NA	NA	NA	NA	NA	NA	NA	PRJEB81441; methanogen MAG; replace accession
RUMEN_MAG_016	rumen	rumen	ENA	TBD	FALSE	NA	NA	NA	NA	NA	NA	NA	NA	PRJEB81441; methanogen MAG; replace accession
RUMEN_MAG_017	rumen	rumen	ENA	TBD	FALSE	NA	NA	NA	NA	NA	NA	NA	NA	PRJEB81441; methanogen MAG; replace accession
RUMEN_MAG_018	rumen	rumen	ENA	TBD	FALSE	NA	NA	NA	NA	NA	NA	NA	NA	PRJEB81441; methanogen MAG; replace accession
RUMEN_MAG_019	rumen	rumen	ENA	TBD	FALSE	NA	NA	NA	NA	NA	NA	NA	NA	PRJEB81441; methanogen MAG; replace accession
RUMEN_MAG_020	rumen	rumen	ENA	TBD	FALSE	NA	NA	NA	NA	NA	NA	NA	NA	PRJEB81441; methanogen MAG; replace accession
RUMEN_MAG_021	rumen	rumen	ENA	TBD	FALSE	NA	NA	NA	NA	NA	NA	NA	NA	PRJEB81441; methanogen MAG; replace accession
RUMEN_MAG_022	rumen	rumen	ENA	TBD	FALSE	NA	NA	NA	NA	NA	NA	NA	NA	PRJEB81441; methanogen MAG; replace accession
RUMEN_MAG_023	rumen	rumen	ENA	TBD	FALSE	NA	NA	NA	NA	NA	NA	NA	NA	PRJEB81441; methanogen MAG; replace accession
RUMEN_MAG_024	rumen	rumen	ENA	TBD	FALSE	NA	NA	NA	NA	NA	NA	NA	NA	PRJEB81441; methanogen MAG; replace accession
RUMEN_MAG_025	rumen	rumen	ENA	TBD	FALSE	NA	NA	NA	NA	NA	NA	NA	NA	PRJEB81441; methanogen MAG; replace accession
RUMEN_MAG_026	rumen	rumen	ENA	TBD	FALSE	NA	NA	NA	NA	NA	NA	NA	NA	PRJEB81441; methanogen MAG; replace accession
RUMEN_MAG_027	rumen	rumen	ENA	TBD	FALSE	NA	NA	NA	NA	NA	NA	NA	NA	PRJEB81441; methanogen MAG; replace accession
RUMEN_MAG_028	rumen	rumen	ENA	TBD	FALSE	NA	NA	NA	NA	NA	NA	NA	NA	PRJEB81441; methanogen MAG; replace accession
RUMEN_MAG_029	rumen	rumen	ENA	TBD	FALSE	NA	NA	NA	NA	NA	NA	NA	NA	PRJEB81441; methanogen MAG; replace accession
RUMEN_MAG_030	rumen	rumen	ENA	TBD	FALSE	NA	NA	NA	NA	NA	NA	NA	NA	PRJEB81441; methanogen MAG; replace accession
RUMEN_MAG_031	rumen	rumen	ENA	TBD	FALSE	NA	NA	NA	NA	NA	NA	NA	NA	PRJEB81441; methanogen MAG; replace accession
RUMEN_MAG_032	rumen	rumen	ENA	TBD	FALSE	NA	NA	NA	NA	NA	NA	NA	NA	PRJEB81441; methanogen MAG; replace accession
RUMEN_MAG_033	rumen	rumen	ENA	TBD	FALSE	NA	NA	NA	NA	NA	NA	NA	NA	PRJEB81441; methanogen MAG; replace accession
RUMEN_MAG_034	rumen	rumen	ENA	TBD	FALSE	NA	NA	NA	NA	NA	NA	NA	NA	PRJEB81441; methanogen MAG; replace accession
RUMEN_MAG_035	rumen	rumen	ENA	TBD	FALSE	NA	NA	NA	NA	NA	NA	NA	NA	PRJEB81441; methanogen MAG; replace accession
RUMEN_MAG_036	rumen	rumen	ENA	TBD	FALSE	NA	NA	NA	NA	NA	NA	NA	NA	PRJEB81441; methanogen MAG; replace accession
RUMEN_MAG_037	rumen	rumen	ENA	TBD	FALSE	NA	NA	NA	NA	NA	NA	NA	NA	PRJEB81441; methanogen MAG; replace accession
RUMEN_MAG_038	rumen	rumen	ENA	TBD	FALSE	NA	NA	NA	NA	NA	NA	NA	NA	PRJEB81441; methanogen MAG; replace accession
RUMEN_MAG_039	rumen	rumen	ENA	TBD	FALSE	NA	NA	NA	NA	NA	NA	NA	NA	PRJEB81441; methanogen MAG; replace accession
RUMEN_MAG_040	rumen	rumen	ENA	TBD	FALSE	NA	NA	NA	NA	NA	NA	NA	NA	PRJEB81441; methanogen MAG; replace accession
RUMEN_MAG_041	rumen	rumen	ENA	TBD	FALSE	NA	NA	NA	NA	NA	NA	NA	NA	PRJEB81441; methanogen MAG; replace accession
RUMEN_MAG_042	rumen	rumen	ENA	TBD	FALSE	NA	NA	NA	NA	NA	NA	NA	NA	PRJEB81441; methanogen MAG; replace accession
RUMEN_MAG_043	rumen	rumen	ENA	TBD	FALSE	NA	NA	NA	NA	NA	NA	NA	NA	PRJEB81441; methanogen MAG; replace accession
RUMEN_MAG_044	rumen	rumen	ENA	TBD	FALSE	NA	NA	NA	NA	NA	NA	NA	NA	PRJEB81441; methanogen MAG; replace accession
RUMEN_MAG_045	rumen	rumen	ENA	TBD	FALSE	NA	NA	NA	NA	NA	NA	NA	NA	PRJEB81441; methanogen MAG; replace accession
RUMEN_MAG_046	rumen	rumen	ENA	TBD	FALSE	NA	NA	NA	NA	NA	NA	NA	NA	PRJEB81441; methanogen MAG; replace accession
RUMEN_MAG_047	rumen	rumen	ENA	TBD	FALSE	NA	NA	NA	NA	NA	NA	NA	NA	PRJEB81441; methanogen MAG; replace accession
RUMEN_MAG_048	rumen	rumen	ENA	TBD	FALSE	NA	NA	NA	NA	NA	NA	NA	NA	PRJEB81441; methanogen MAG; replace accession
RUMEN_MAG_049	rumen	rumen	ENA	TBD	FALSE	NA	NA	NA	NA	NA	NA	NA	NA	PRJEB81441; methanogen MAG; replace accession
RUMEN_MAG_050	rumen	rumen	ENA	TBD	FALSE	NA	NA	NA	NA	NA	NA	NA	NA	PRJEB81441; methanogen MAG; replace accession
RUMEN_MAG_051	rumen	rumen	ENA	TBD	FALSE	NA	NA	NA	NA	NA	NA	NA	NA	PRJEB81441; methanogen MAG; replace accession
RUMEN_MAG_052	rumen	rumen	ENA	TBD	FALSE	NA	NA	NA	NA	NA	NA	NA	NA	PRJEB81441; methanogen MAG; replace accession
RUMEN_MAG_053	rumen	rumen	ENA	TBD	FALSE	NA	NA	NA	NA	NA	NA	NA	NA	PRJEB81441; methanogen MAG; replace accession
RUMEN_MAG_054	rumen	rumen	ENA	TBD	FALSE	NA	NA	NA	NA	NA	NA	NA	NA	PRJEB81441; methanogen MAG; replace accession
RUMEN_MAG_055	rumen	rumen	ENA	TBD	FALSE	NA	NA	NA	NA	NA	NA	NA	NA	PRJEB81441; methanogen MAG; replace accession
RUMEN_MAG_056	rumen	rumen	ENA	TBD	FALSE	NA	NA	NA	NA	NA	NA	NA	NA	PRJEB81441; methanogen MAG; replace accession
RUMEN_MAG_057	rumen	rumen	ENA	TBD	FALSE	NA	NA	NA	NA	NA	NA	NA	NA	PRJEB81441; methanogen MAG; replace accession
RUMEN_MAG_058	rumen	rumen	ENA	TBD	FALSE	NA	NA	NA	NA	NA	NA	NA	NA	PRJEB81441; methanogen MAG; replace accession
RUMEN_MAG_059	rumen	rumen	ENA	TBD	FALSE	NA	NA	NA	NA	NA	NA	NA	NA	PRJEB81441; methanogen MAG; replace accession
RUMEN_MAG_060	rumen	rumen	ENA	TBD	FALSE	NA	NA	NA	NA	NA	NA	NA	NA	PRJEB81441; methanogen MAG; replace accession
RUMEN_MAG_061	rumen	rumen	ENA	TBD	FALSE	NA	NA	NA	NA	NA	NA	NA	NA	PRJEB81441; methanogen MAG; replace accession
RUMEN_MAG_062	rumen	rumen	ENA	TBD	FALSE	NA	NA	NA	NA	NA	NA	NA	NA	PRJEB81441; methanogen MAG; replace accession
RUMEN_MAG_063	rumen	rumen	ENA	TBD	FALSE	NA	NA	NA	NA	NA	NA	NA	NA	PRJEB81441; methanogen MAG; replace accession
RUMEN_MAG_064	rumen	rumen	ENA	TBD	FALSE	NA	NA	NA	NA	NA	NA	NA	NA	PRJEB81441; methanogen MAG; replace accession
RUMEN_MAG_065	rumen	rumen	ENA	TBD	FALSE	NA	NA	NA	NA	NA	NA	NA	NA	PRJEB81441; methanogen MAG; replace accession
RUMEN_MAG_066	rumen	rumen	ENA	TBD	FALSE	NA	NA	NA	NA	NA	NA	NA	NA	PRJEB81441; methanogen MAG; replace accession
RUMEN_MAG_067	rumen	rumen	ENA	TBD	FALSE	NA	NA	NA	NA	NA	NA	NA	NA	PRJEB81441; methanogen MAG; replace accession
RUMEN_MAG_068	rumen	rumen	ENA	TBD	FALSE	NA	NA	NA	NA	NA	NA	NA	NA	PRJEB81441; methanogen MAG; replace accession
RUMEN_MAG_069	rumen	rumen	ENA	TBD	FALSE	NA	NA	NA	NA	NA	NA	NA	NA	PRJEB81441; methanogen MAG; replace accession
RUMEN_MAG_070	rumen	rumen	ENA	TBD	FALSE	NA	NA	NA	NA	NA	NA	NA	NA	PRJEB81441; methanogen MAG; replace accession
RUMEN_MAG_071	rumen	rumen	ENA	TBD	FALSE	NA	NA	NA	NA	NA	NA	NA	NA	PRJEB81441; methanogen MAG; replace accession
RUMEN_MAG_072	rumen	rumen	ENA	TBD	FALSE	NA	NA	NA	NA	NA	NA	NA	NA	PRJEB81441; methanogen MAG; replace accession
RUMEN_MAG_073	rumen	rumen	ENA	TBD	FALSE	NA	NA	NA	NA	NA	NA	NA	NA	PRJEB81441; methanogen MAG; replace accession
RUMEN_MAG_074	rumen	rumen	ENA	TBD	FALSE	NA	NA	NA	NA	NA	NA	NA	NA	PRJEB81441; methanogen MAG; replace accession
RUMEN_MAG_075	rumen	rumen	ENA	TBD	FALSE	NA	NA	NA	NA	NA	NA	NA	NA	PRJEB81441; methanogen MAG; replace accession
RUMEN_MAG_076	rumen	rumen	ENA	TBD	FALSE	NA	NA	NA	NA	NA	NA	NA	NA	PRJEB81441; methanogen MAG; replace accession
RUMEN_MAG_077	rumen	rumen	ENA	TBD	FALSE	NA	NA	NA	NA	NA	NA	NA	NA	PRJEB81441; methanogen MAG; replace accession
RUMEN_MAG_078	rumen	rumen	ENA	TBD	FALSE	NA	NA	NA	NA	NA	NA	NA	NA	PRJEB81441; methanogen MAG; replace accession
RUMEN_MAG_079	rumen	rumen	ENA	TBD	FALSE	NA	NA	NA	NA	NA	NA	NA	NA	PRJEB81441; methanogen MAG; replace accession
RUMEN_MAG_080	rumen	rumen	ENA	TBD	FALSE	NA	NA	NA	NA	NA	NA	NA	NA	PRJEB81441; methanogen MAG; replace accession
RUMEN_MAG_081	rumen	rumen	ENA	TBD	FALSE	NA	NA	NA	NA	NA	NA	NA	NA	PRJEB81441; methanogen MAG; replace accession
RUMEN_MAG_082	rumen	rumen	ENA	TBD	FALSE	NA	NA	NA	NA	NA	NA	NA	NA	PRJEB81441; methanogen MAG; replace accession
RUMEN_MAG_083	rumen	rumen	ENA	TBD	FALSE	NA	NA	NA	NA	NA	NA	NA	NA	PRJEB81441; methanogen MAG; replace accession
RUMEN_MAG_084	rumen	rumen	ENA	TBD	FALSE	NA	NA	NA	NA	NA	NA	NA	NA	PRJEB81441; methanogen MAG; replace accession
RUMEN_MAG_085	rumen	rumen	ENA	TBD	FALSE	NA	NA	NA	NA	NA	NA	NA	NA	PRJEB81441; methanogen MAG; replace accession
RUMEN_MAG_086	rumen	rumen	ENA	TBD	FALSE	NA	NA	NA	NA	NA	NA	NA	NA	PRJEB81441; methanogen MAG; replace accession
RUMEN_MAG_087	rumen	rumen	ENA	TBD	FALSE	NA	NA	NA	NA	NA	NA	NA	NA	PRJEB81441; methanogen MAG; replace accession
RUMEN_MAG_088	rumen	rumen	ENA	TBD	FALSE	NA	NA	NA	NA	NA	NA	NA	NA	PRJEB81441; methanogen MAG; replace accession
RUMEN_MAG_089	rumen	rumen	ENA	TBD	FALSE	NA	NA	NA	NA	NA	NA	NA	NA	PRJEB81441; methanogen MAG; replace accession
RUMEN_MAG_090	rumen	rumen	ENA	TBD	FALSE	NA	NA	NA	NA	NA	NA	NA	NA	PRJEB81441; methanogen MAG; replace accession
RUMEN_MAG_091	rumen	rumen	ENA	TBD	FALSE	NA	NA	NA	NA	NA	NA	NA	NA	PRJEB81441; methanogen MAG; replace accession
RUMEN_MAG_092	rumen	rumen	ENA	TBD	FALSE	NA	NA	NA	NA	NA	NA	NA	NA	PRJEB81441; methanogen MAG; replace accession
RUMEN_MAG_093	rumen	rumen	ENA	TBD	FALSE	NA	NA	NA	NA	NA	NA	NA	NA	PRJEB81441; methanogen MAG; replace accession
RUMEN_MAG_094	rumen	rumen	ENA	TBD	FALSE	NA	NA	NA	NA	NA	NA	NA	NA	PRJEB81441; methanogen MAG; replace accession
RUMEN_MAG_095	rumen	rumen	ENA	TBD	FALSE	NA	NA	NA	NA	NA	NA	NA	NA	PRJEB81441; methanogen MAG; replace accession
RUMEN_MAG_096	rumen	rumen	ENA	TBD	FALSE	NA	NA	NA	NA	NA	NA	NA	NA	PRJEB81441; methanogen MAG; replace accession
RUMEN_MAG_097	rumen	rumen	ENA	TBD	FALSE	NA	NA	NA	NA	NA	NA	NA	NA	PRJEB81441; methanogen MAG; replace accession
RUMEN_MAG_098	rumen	rumen	ENA	TBD	FALSE	NA	NA	NA	NA	NA	NA	NA	NA	PRJEB81441; methanogen MAG; replace accession
RUMEN_MAG_099	rumen	rumen	ENA	TBD	FALSE	NA	NA	NA	NA	NA	NA	NA	NA	PRJEB81441; methanogen MAG; replace accession
RUMEN_MAG_100	rumen	rumen	ENA	TBD	FALSE	NA	NA	NA	NA	NA	NA	NA	NA	PRJEB81441; methanogen MAG; replace accession
RUMEN_MAG_101	rumen	rumen	ENA	TBD	FALSE	NA	NA	NA	NA	NA	NA	NA	NA	PRJEB81441; methanogen MAG; replace accession
RUMEN_MAG_102	rumen	rumen	ENA	TBD	FALSE	NA	NA	NA	NA	NA	NA	NA	NA	PRJEB81441; methanogen MAG; replace accession
RUMEN_MAG_103	rumen	rumen	ENA	TBD	FALSE	NA	NA	NA	NA	NA	NA	NA	NA	PRJEB81441; methanogen MAG; replace accession
RUMEN_MAG_104	rumen	rumen	ENA	TBD	FALSE	NA	NA	NA	NA	NA	NA	NA	NA	PRJEB81441; methanogen MAG; replace accession
RUMEN_MAG_105	rumen	rumen	ENA	TBD	FALSE	NA	NA	NA	NA	NA	NA	NA	NA	PRJEB81441; methanogen MAG; replace accession
RUMEN_MAG_106	rumen	rumen	ENA	TBD	FALSE	NA	NA	NA	NA	NA	NA	NA	NA	PRJEB81441; methanogen MAG; replace accession
RUMEN_MAG_107	rumen	rumen	ENA	TBD	FALSE	NA	NA	NA	NA	NA	NA	NA	NA	PRJEB81441; methanogen MAG; replace accession
RUMEN_MAG_108	rumen	rumen	ENA	TBD	FALSE	NA	NA	NA	NA	NA	NA	NA	NA	PRJEB81441; methanogen MAG; replace accession
RUMEN_MAG_109	rumen	rumen	ENA	TBD	FALSE	NA	NA	NA	NA	NA	NA	NA	NA	PRJEB81441; methanogen MAG; replace accession
RUMEN_MAG_110	rumen	rumen	ENA	TBD	FALSE	NA	NA	NA	NA	NA	NA	NA	NA	PRJEB81441; methanogen MAG; replace accession
RUMEN_MAG_111	rumen	rumen	ENA	TBD	FALSE	NA	NA	NA	NA	NA	NA	NA	NA	PRJEB81441; methanogen MAG; replace accession
RUMEN_MAG_112	rumen	rumen	ENA	TBD	FALSE	NA	NA	NA	NA	NA	NA	NA	NA	PRJEB81441; methanogen MAG; replace accession
RUMEN_MAG_113	rumen	rumen	ENA	TBD	FALSE	NA	NA	NA	NA	NA	NA	NA	NA	PRJEB81441; methanogen MAG; replace accession
RUMEN_MAG_114	rumen	rumen	ENA	TBD	FALSE	NA	NA	NA	NA	NA	NA	NA	NA	PRJEB81441; methanogen MAG; replace accession
RUMEN_MAG_115	rumen	rumen	ENA	TBD	FALSE	NA	NA	NA	NA	NA	NA	NA	NA	PRJEB81441; methanogen MAG; replace accession
RUMEN_MAG_116	rumen	rumen	ENA	TBD	FALSE	NA	NA	NA	NA	NA	NA	NA	NA	PRJEB81441; methanogen MAG; replace accession
RUMEN_MAG_117	rumen	rumen	ENA	TBD	FALSE	NA	NA	NA	NA	NA	NA	NA	NA	PRJEB81441; methanogen MAG; replace accession
RUMEN_MAG_118	rumen	rumen	ENA	TBD	FALSE	NA	NA	NA	NA	NA	NA	NA	NA	PRJEB81441; methanogen MAG; replace accession
RUMEN_MAG_119	rumen	rumen	ENA	TBD	FALSE	NA	NA	NA	NA	NA	NA	NA	NA	PRJEB81441; methanogen MAG; replace accession
RUMEN_MAG_120	rumen	rumen	ENA	TBD	FALSE	NA	NA	NA	NA	NA	NA	NA	NA	PRJEB81441; methanogen MAG; replace accession
MUCC_MAG_OWC_001	coastal	wetland	Zenodo	TBD	FALSE	NA	NA	NA	NA	NA	NA	NA	NA	MUCC v2.0.0; MUCC site OWC (Old Woman Creek); replace MAG ID
MUCC_MAG_OWC_002	coastal	wetland	Zenodo	TBD	FALSE	NA	NA	NA	NA	NA	NA	NA	NA	MUCC v2.0.0; MUCC site OWC (Old Woman Creek); replace MAG ID
MUCC_MAG_OWC_003	coastal	wetland	Zenodo	TBD	FALSE	NA	NA	NA	NA	NA	NA	NA	NA	MUCC v2.0.0; MUCC site OWC (Old Woman Creek); replace MAG ID
MUCC_MAG_OWC_004	coastal	wetland	Zenodo	TBD	FALSE	NA	NA	NA	NA	NA	NA	NA	NA	MUCC v2.0.0; MUCC site OWC (Old Woman Creek); replace MAG ID
MUCC_MAG_OWC_005	coastal	wetland	Zenodo	TBD	FALSE	NA	NA	NA	NA	NA	NA	NA	NA	MUCC v2.0.0; MUCC site OWC (Old Woman Creek); replace MAG ID
MUCC_MAG_OWC_006	coastal	wetland	Zenodo	TBD	FALSE	NA	NA	NA	NA	NA	NA	NA	NA	MUCC v2.0.0; MUCC site OWC (Old Woman Creek); replace MAG ID
MUCC_MAG_OWC_007	coastal	wetland	Zenodo	TBD	FALSE	NA	NA	NA	NA	NA	NA	NA	NA	MUCC v2.0.0; MUCC site OWC (Old Woman Creek); replace MAG ID
MUCC_MAG_OWC_008	coastal	wetland	Zenodo	TBD	FALSE	NA	NA	NA	NA	NA	NA	NA	NA	MUCC v2.0.0; MUCC site OWC (Old Woman Creek); replace MAG ID
MUCC_MAG_OWC_009	coastal	wetland	Zenodo	TBD	FALSE	NA	NA	NA	NA	NA	NA	NA	NA	MUCC v2.0.0; MUCC site OWC (Old Woman Creek); replace MAG ID
MUCC_MAG_OWC_010	coastal	wetland	Zenodo	TBD	FALSE	NA	NA	NA	NA	NA	NA	NA	NA	MUCC v2.0.0; MUCC site OWC (Old Woman Creek); replace MAG ID
MUCC_MAG_OWC_011	coastal	wetland	Zenodo	TBD	FALSE	NA	NA	NA	NA	NA	NA	NA	NA	MUCC v2.0.0; MUCC site OWC (Old Woman Creek); replace MAG ID
MUCC_MAG_OWC_012	coastal	wetland	Zenodo	TBD	FALSE	NA	NA	NA	NA	NA	NA	NA	NA	MUCC v2.0.0; MUCC site OWC (Old Woman Creek); replace MAG ID
MUCC_MAG_OWC_013	coastal	wetland	Zenodo	TBD	FALSE	NA	NA	NA	NA	NA	NA	NA	NA	MUCC v2.0.0; MUCC site OWC (Old Woman Creek); replace MAG ID
MUCC_MAG_OWC_014	coastal	wetland	Zenodo	TBD	FALSE	NA	NA	NA	NA	NA	NA	NA	NA	MUCC v2.0.0; MUCC site OWC (Old Woman Creek); replace MAG ID
MUCC_MAG_OWC_015	coastal	wetland	Zenodo	TBD	FALSE	NA	NA	NA	NA	NA	NA	NA	NA	MUCC v2.0.0; MUCC site OWC (Old Woman Creek); replace MAG ID
MUCC_MAG_OWC_016	coastal	wetland	Zenodo	TBD	FALSE	NA	NA	NA	NA	NA	NA	NA	NA	MUCC v2.0.0; MUCC site OWC (Old Woman Creek); replace MAG ID
MUCC_MAG_OWC_017	coastal	wetland	Zenodo	TBD	FALSE	NA	NA	NA	NA	NA	NA	NA	NA	MUCC v2.0.0; MUCC site OWC (Old Woman Creek); replace MAG ID
MUCC_MAG_OWC_018	coastal	wetland	Zenodo	TBD	FALSE	NA	NA	NA	NA	NA	NA	NA	NA	MUCC v2.0.0; MUCC site OWC (Old Woman Creek); replace MAG ID
MUCC_MAG_OWC_019	coastal	wetland	Zenodo	TBD	FALSE	NA	NA	NA	NA	NA	NA	NA	NA	MUCC v2.0.0; MUCC site OWC (Old Woman Creek); replace MAG ID
MUCC_MAG_OWC_020	coastal	wetland	Zenodo	TBD	FALSE	NA	NA	NA	NA	NA	NA	NA	NA	MUCC v2.0.0; MUCC site OWC (Old Woman Creek); replace MAG ID
MUCC_MAG_OWC_021	coastal	wetland	Zenodo	TBD	FALSE	NA	NA	NA	NA	NA	NA	NA	NA	MUCC v2.0.0; MUCC site OWC (Old Woman Creek); replace MAG ID
MUCC_MAG_OWC_022	coastal	wetland	Zenodo	TBD	FALSE	NA	NA	NA	NA	NA	NA	NA	NA	MUCC v2.0.0; MUCC site OWC (Old Woman Creek); replace MAG ID
MUCC_MAG_OWC_023	coastal	wetland	Zenodo	TBD	FALSE	NA	NA	NA	NA	NA	NA	NA	NA	MUCC v2.0.0; MUCC site OWC (Old Woman Creek); replace MAG ID
MUCC_MAG_OWC_024	coastal	wetland	Zenodo	TBD	FALSE	NA	NA	NA	NA	NA	NA	NA	NA	MUCC v2.0.0; MUCC site OWC (Old Woman Creek); replace MAG ID
MUCC_MAG_OWC_025	coastal	wetland	Zenodo	TBD	FALSE	NA	NA	NA	NA	NA	NA	NA	NA	MUCC v2.0.0; MUCC site OWC (Old Woman Creek); replace MAG ID
MUCC_MAG_OWC_026	coastal	wetland	Zenodo	TBD	FALSE	NA	NA	NA	NA	NA	NA	NA	NA	MUCC v2.0.0; MUCC site OWC (Old Woman Creek); replace MAG ID
MUCC_MAG_OWC_027	coastal	wetland	Zenodo	TBD	FALSE	NA	NA	NA	NA	NA	NA	NA	NA	MUCC v2.0.0; MUCC site OWC (Old Woman Creek); replace MAG ID
MUCC_MAG_OWC_028	coastal	wetland	Zenodo	TBD	FALSE	NA	NA	NA	NA	NA	NA	NA	NA	MUCC v2.0.0; MUCC site OWC (Old Woman Creek); replace MAG ID
MUCC_MAG_OWC_029	coastal	wetland	Zenodo	TBD	FALSE	NA	NA	NA	NA	NA	NA	NA	NA	MUCC v2.0.0; MUCC site OWC (Old Woman Creek); replace MAG ID
MUCC_MAG_OWC_030	coastal	wetland	Zenodo	TBD	FALSE	NA	NA	NA	NA	NA	NA	NA	NA	MUCC v2.0.0; MUCC site OWC (Old Woman Creek); replace MAG ID
MUCC_MAG_OWC_031	coastal	wetland	Zenodo	TBD	FALSE	NA	NA	NA	NA	NA	NA	NA	NA	MUCC v2.0.0; MUCC site OWC (Old Woman Creek); replace MAG ID
MUCC_MAG_OWC_032	coastal	wetland	Zenodo	TBD	FALSE	NA	NA	NA	NA	NA	NA	NA	NA	MUCC v2.0.0; MUCC site OWC (Old Woman Creek); replace MAG ID
MUCC_MAG_OWC_033	coastal	wetland	Zenodo	TBD	FALSE	NA	NA	NA	NA	NA	NA	NA	NA	MUCC v2.0.0; MUCC site OWC (Old Woman Creek); replace MAG ID
MUCC_MAG_OWC_034	coastal	wetland	Zenodo	TBD	FALSE	NA	NA	NA	NA	NA	NA	NA	NA	MUCC v2.0.0; MUCC site OWC (Old Woman Creek); replace MAG ID
MUCC_MAG_OWC_035	coastal	wetland	Zenodo	TBD	FALSE	NA	NA	NA	NA	NA	NA	NA	NA	MUCC v2.0.0; MUCC site OWC (Old Woman Creek); replace MAG ID
MUCC_MAG_OWC_036	coastal	wetland	Zenodo	TBD	FALSE	NA	NA	NA	NA	NA	NA	NA	NA	MUCC v2.0.0; MUCC site OWC (Old Woman Creek); replace MAG ID
MUCC_MAG_OWC_037	coastal	wetland	Zenodo	TBD	FALSE	NA	NA	NA	NA	NA	NA	NA	NA	MUCC v2.0.0; MUCC site OWC (Old Woman Creek); replace MAG ID
MUCC_MAG_OWC_038	coastal	wetland	Zenodo	TBD	FALSE	NA	NA	NA	NA	NA	NA	NA	NA	MUCC v2.0.0; MUCC site OWC (Old Woman Creek); replace MAG ID
MUCC_MAG_OWC_039	coastal	wetland	Zenodo	TBD	FALSE	NA	NA	NA	NA	NA	NA	NA	NA	MUCC v2.0.0; MUCC site OWC (Old Woman Creek); replace MAG ID
MUCC_MAG_OWC_040	coastal	wetland	Zenodo	TBD	FALSE	NA	NA	NA	NA	NA	NA	NA	NA	MUCC v2.0.0; MUCC site OWC (Old Woman Creek); replace MAG ID
MUCC_MAG_PPR_001	coastal	wetland	Zenodo	TBD	FALSE	NA	NA	NA	NA	NA	NA	NA	NA	MUCC v2.0.0; MUCC site PPR (Prairie Pothole Region); replace MAG ID
MUCC_MAG_PPR_002	coastal	wetland	Zenodo	TBD	FALSE	NA	NA	NA	NA	NA	NA	NA	NA	MUCC v2.0.0; MUCC site PPR (Prairie Pothole Region); replace MAG ID
MUCC_MAG_PPR_003	coastal	wetland	Zenodo	TBD	FALSE	NA	NA	NA	NA	NA	NA	NA	NA	MUCC v2.0.0; MUCC site PPR (Prairie Pothole Region); replace MAG ID
MUCC_MAG_PPR_004	coastal	wetland	Zenodo	TBD	FALSE	NA	NA	NA	NA	NA	NA	NA	NA	MUCC v2.0.0; MUCC site PPR (Prairie Pothole Region); replace MAG ID
MUCC_MAG_PPR_005	coastal	wetland	Zenodo	TBD	FALSE	NA	NA	NA	NA	NA	NA	NA	NA	MUCC v2.0.0; MUCC site PPR (Prairie Pothole Region); replace MAG ID
MUCC_MAG_PPR_006	coastal	wetland	Zenodo	TBD	FALSE	NA	NA	NA	NA	NA	NA	NA	NA	MUCC v2.0.0; MUCC site PPR (Prairie Pothole Region); replace MAG ID
MUCC_MAG_PPR_007	coastal	wetland	Zenodo	TBD	FALSE	NA	NA	NA	NA	NA	NA	NA	NA	MUCC v2.0.0; MUCC site PPR (Prairie Pothole Region); replace MAG ID
MUCC_MAG_PPR_008	coastal	wetland	Zenodo	TBD	FALSE	NA	NA	NA	NA	NA	NA	NA	NA	MUCC v2.0.0; MUCC site PPR (Prairie Pothole Region); replace MAG ID
MUCC_MAG_PPR_009	coastal	wetland	Zenodo	TBD	FALSE	NA	NA	NA	NA	NA	NA	NA	NA	MUCC v2.0.0; MUCC site PPR (Prairie Pothole Region); replace MAG ID
MUCC_MAG_PPR_010	coastal	wetland	Zenodo	TBD	FALSE	NA	NA	NA	NA	NA	NA	NA	NA	MUCC v2.0.0; MUCC site PPR (Prairie Pothole Region); replace MAG ID
MUCC_MAG_PPR_011	coastal	wetland	Zenodo	TBD	FALSE	NA	NA	NA	NA	NA	NA	NA	NA	MUCC v2.0.0; MUCC site PPR (Prairie Pothole Region); replace MAG ID
MUCC_MAG_PPR_012	coastal	wetland	Zenodo	TBD	FALSE	NA	NA	NA	NA	NA	NA	NA	NA	MUCC v2.0.0; MUCC site PPR (Prairie Pothole Region); replace MAG ID
MUCC_MAG_PPR_013	coastal	wetland	Zenodo	TBD	FALSE	NA	NA	NA	NA	NA	NA	NA	NA	MUCC v2.0.0; MUCC site PPR (Prairie Pothole Region); replace MAG ID
MUCC_MAG_PPR_014	coastal	wetland	Zenodo	TBD	FALSE	NA	NA	NA	NA	NA	NA	NA	NA	MUCC v2.0.0; MUCC site PPR (Prairie Pothole Region); replace MAG ID
MUCC_MAG_PPR_015	coastal	wetland	Zenodo	TBD	FALSE	NA	NA	NA	NA	NA	NA	NA	NA	MUCC v2.0.0; MUCC site PPR (Prairie Pothole Region); replace MAG ID
MUCC_MAG_PPR_016	coastal	wetland	Zenodo	TBD	FALSE	NA	NA	NA	NA	NA	NA	NA	NA	MUCC v2.0.0; MUCC site PPR (Prairie Pothole Region); replace MAG ID
MUCC_MAG_PPR_017	coastal	wetland	Zenodo	TBD	FALSE	NA	NA	NA	NA	NA	NA	NA	NA	MUCC v2.0.0; MUCC site PPR (Prairie Pothole Region); replace MAG ID
MUCC_MAG_PPR_018	coastal	wetland	Zenodo	TBD	FALSE	NA	NA	NA	NA	NA	NA	NA	NA	MUCC v2.0.0; MUCC site PPR (Prairie Pothole Region); replace MAG ID
MUCC_MAG_PPR_019	coastal	wetland	Zenodo	TBD	FALSE	NA	NA	NA	NA	NA	NA	NA	NA	MUCC v2.0.0; MUCC site PPR (Prairie Pothole Region); replace MAG ID
MUCC_MAG_PPR_020	coastal	wetland	Zenodo	TBD	FALSE	NA	NA	NA	NA	NA	NA	NA	NA	MUCC v2.0.0; MUCC site PPR (Prairie Pothole Region); replace MAG ID
MUCC_MAG_PPR_021	coastal	wetland	Zenodo	TBD	FALSE	NA	NA	NA	NA	NA	NA	NA	NA	MUCC v2.0.0; MUCC site PPR (Prairie Pothole Region); replace MAG ID
MUCC_MAG_PPR_022	coastal	wetland	Zenodo	TBD	FALSE	NA	NA	NA	NA	NA	NA	NA	NA	MUCC v2.0.0; MUCC site PPR (Prairie Pothole Region); replace MAG ID
MUCC_MAG_PPR_023	coastal	wetland	Zenodo	TBD	FALSE	NA	NA	NA	NA	NA	NA	NA	NA	MUCC v2.0.0; MUCC site PPR (Prairie Pothole Region); replace MAG ID
MUCC_MAG_PPR_024	coastal	wetland	Zenodo	TBD	FALSE	NA	NA	NA	NA	NA	NA	NA	NA	MUCC v2.0.0; MUCC site PPR (Prairie Pothole Region); replace MAG ID
MUCC_MAG_PPR_025	coastal	wetland	Zenodo	TBD	FALSE	NA	NA	NA	NA	NA	NA	NA	NA	MUCC v2.0.0; MUCC site PPR (Prairie Pothole Region); replace MAG ID
MUCC_MAG_PPR_026	coastal	wetland	Zenodo	TBD	FALSE	NA	NA	NA	NA	NA	NA	NA	NA	MUCC v2.0.0; MUCC site PPR (Prairie Pothole Region); replace MAG ID
MUCC_MAG_PPR_027	coastal	wetland	Zenodo	TBD	FALSE	NA	NA	NA	NA	NA	NA	NA	NA	MUCC v2.0.0; MUCC site PPR (Prairie Pothole Region); replace MAG ID
MUCC_MAG_PPR_028	coastal	wetland	Zenodo	TBD	FALSE	NA	NA	NA	NA	NA	NA	NA	NA	MUCC v2.0.0; MUCC site PPR (Prairie Pothole Region); replace MAG ID
MUCC_MAG_PPR_029	coastal	wetland	Zenodo	TBD	FALSE	NA	NA	NA	NA	NA	NA	NA	NA	MUCC v2.0.0; MUCC site PPR (Prairie Pothole Region); replace MAG ID
MUCC_MAG_PPR_030	coastal	wetland	Zenodo	TBD	FALSE	NA	NA	NA	NA	NA	NA	NA	NA	MUCC v2.0.0; MUCC site PPR (Prairie Pothole Region); replace MAG ID
MUCC_MAG_PPR_031	coastal	wetland	Zenodo	TBD	FALSE	NA	NA	NA	NA	NA	NA	NA	NA	MUCC v2.0.0; MUCC site PPR (Prairie Pothole Region); replace MAG ID
MUCC_MAG_PPR_032	coastal	wetland	Zenodo	TBD	FALSE	NA	NA	NA	NA	NA	NA	NA	NA	MUCC v2.0.0; MUCC site PPR (Prairie Pothole Region); replace MAG ID
MUCC_MAG_PPR_033	coastal	wetland	Zenodo	TBD	FALSE	NA	NA	NA	NA	NA	NA	NA	NA	MUCC v2.0.0; MUCC site PPR (Prairie Pothole Region); replace MAG ID
MUCC_MAG_PPR_034	coastal	wetland	Zenodo	TBD	FALSE	NA	NA	NA	NA	NA	NA	NA	NA	MUCC v2.0.0; MUCC site PPR (Prairie Pothole Region); replace MAG ID
MUCC_MAG_PPR_035	coastal	wetland	Zenodo	TBD	FALSE	NA	NA	NA	NA	NA	NA	NA	NA	MUCC v2.0.0; MUCC site PPR (Prairie Pothole Region); replace MAG ID
MUCC_MAG_PPR_036	coastal	wetland	Zenodo	TBD	FALSE	NA	NA	NA	NA	NA	NA	NA	NA	MUCC v2.0.0; MUCC site PPR (Prairie Pothole Region); replace MAG ID
MUCC_MAG_PPR_037	coastal	wetland	Zenodo	TBD	FALSE	NA	NA	NA	NA	NA	NA	NA	NA	MUCC v2.0.0; MUCC site PPR (Prairie Pothole Region); replace MAG ID
MUCC_MAG_PPR_038	coastal	wetland	Zenodo	TBD	FALSE	NA	NA	NA	NA	NA	NA	NA	NA	MUCC v2.0.0; MUCC site PPR (Prairie Pothole Region); replace MAG ID
MUCC_MAG_PPR_039	coastal	wetland	Zenodo	TBD	FALSE	NA	NA	NA	NA	NA	NA	NA	NA	MUCC v2.0.0; MUCC site PPR (Prairie Pothole Region); replace MAG ID
MUCC_MAG_PPR_040	coastal	wetland	Zenodo	TBD	FALSE	NA	NA	NA	NA	NA	NA	NA	NA	MUCC v2.0.0; MUCC site PPR (Prairie Pothole Region); replace MAG ID
MUCC_MAG_JLA_001	coastal	wetland	Zenodo	TBD	FALSE	NA	NA	NA	NA	NA	NA	NA	NA	MUCC v2.0.0; MUCC site JLA; replace MAG ID
MUCC_MAG_JLA_002	coastal	wetland	Zenodo	TBD	FALSE	NA	NA	NA	NA	NA	NA	NA	NA	MUCC v2.0.0; MUCC site JLA; replace MAG ID
MUCC_MAG_JLA_003	coastal	wetland	Zenodo	TBD	FALSE	NA	NA	NA	NA	NA	NA	NA	NA	MUCC v2.0.0; MUCC site JLA; replace MAG ID
MUCC_MAG_JLA_004	coastal	wetland	Zenodo	TBD	FALSE	NA	NA	NA	NA	NA	NA	NA	NA	MUCC v2.0.0; MUCC site JLA; replace MAG ID
MUCC_MAG_JLA_005	coastal	wetland	Zenodo	TBD	FALSE	NA	NA	NA	NA	NA	NA	NA	NA	MUCC v2.0.0; MUCC site JLA; replace MAG ID
MUCC_MAG_JLA_006	coastal	wetland	Zenodo	TBD	FALSE	NA	NA	NA	NA	NA	NA	NA	NA	MUCC v2.0.0; MUCC site JLA; replace MAG ID
MUCC_MAG_JLA_007	coastal	wetland	Zenodo	TBD	FALSE	NA	NA	NA	NA	NA	NA	NA	NA	MUCC v2.0.0; MUCC site JLA; replace MAG ID
MUCC_MAG_JLA_008	coastal	wetland	Zenodo	TBD	FALSE	NA	NA	NA	NA	NA	NA	NA	NA	MUCC v2.0.0; MUCC site JLA; replace MAG ID
MUCC_MAG_JLA_009	coastal	wetland	Zenodo	TBD	FALSE	NA	NA	NA	NA	NA	NA	NA	NA	MUCC v2.0.0; MUCC site JLA; replace MAG ID
MUCC_MAG_JLA_010	coastal	wetland	Zenodo	TBD	FALSE	NA	NA	NA	NA	NA	NA	NA	NA	MUCC v2.0.0; MUCC site JLA; replace MAG ID
MUCC_MAG_JLA_011	coastal	wetland	Zenodo	TBD	FALSE	NA	NA	NA	NA	NA	NA	NA	NA	MUCC v2.0.0; MUCC site JLA; replace MAG ID
MUCC_MAG_JLA_012	coastal	wetland	Zenodo	TBD	FALSE	NA	NA	NA	NA	NA	NA	NA	NA	MUCC v2.0.0; MUCC site JLA; replace MAG ID
MUCC_MAG_JLA_013	coastal	wetland	Zenodo	TBD	FALSE	NA	NA	NA	NA	NA	NA	NA	NA	MUCC v2.0.0; MUCC site JLA; replace MAG ID
MUCC_MAG_JLA_014	coastal	wetland	Zenodo	TBD	FALSE	NA	NA	NA	NA	NA	NA	NA	NA	MUCC v2.0.0; MUCC site JLA; replace MAG ID
MUCC_MAG_JLA_015	coastal	wetland	Zenodo	TBD	FALSE	NA	NA	NA	NA	NA	NA	NA	NA	MUCC v2.0.0; MUCC site JLA; replace MAG ID
MUCC_MAG_JLA_016	coastal	wetland	Zenodo	TBD	FALSE	NA	NA	NA	NA	NA	NA	NA	NA	MUCC v2.0.0; MUCC site JLA; replace MAG ID
MUCC_MAG_JLA_017	coastal	wetland	Zenodo	TBD	FALSE	NA	NA	NA	NA	NA	NA	NA	NA	MUCC v2.0.0; MUCC site JLA; replace MAG ID
MUCC_MAG_JLA_018	coastal	wetland	Zenodo	TBD	FALSE	NA	NA	NA	NA	NA	NA	NA	NA	MUCC v2.0.0; MUCC site JLA; replace MAG ID
MUCC_MAG_JLA_019	coastal	wetland	Zenodo	TBD	FALSE	NA	NA	NA	NA	NA	NA	NA	NA	MUCC v2.0.0; MUCC site JLA; replace MAG ID
MUCC_MAG_JLA_020	coastal	wetland	Zenodo	TBD	FALSE	NA	NA	NA	NA	NA	NA	NA	NA	MUCC v2.0.0; MUCC site JLA; replace MAG ID
MUCC_MAG_JLA_021	coastal	wetland	Zenodo	TBD	FALSE	NA	NA	NA	NA	NA	NA	NA	NA	MUCC v2.0.0; MUCC site JLA; replace MAG ID
MUCC_MAG_JLA_022	coastal	wetland	Zenodo	TBD	FALSE	NA	NA	NA	NA	NA	NA	NA	NA	MUCC v2.0.0; MUCC site JLA; replace MAG ID
MUCC_MAG_JLA_023	coastal	wetland	Zenodo	TBD	FALSE	NA	NA	NA	NA	NA	NA	NA	NA	MUCC v2.0.0; MUCC site JLA; replace MAG ID
MUCC_MAG_JLA_024	coastal	wetland	Zenodo	TBD	FALSE	NA	NA	NA	NA	NA	NA	NA	NA	MUCC v2.0.0; MUCC site JLA; replace MAG ID
MUCC_MAG_JLA_025	coastal	wetland	Zenodo	TBD	FALSE	NA	NA	NA	NA	NA	NA	NA	NA	MUCC v2.0.0; MUCC site JLA; replace MAG ID
MUCC_MAG_JLA_026	coastal	wetland	Zenodo	TBD	FALSE	NA	NA	NA	NA	NA	NA	NA	NA	MUCC v2.0.0; MUCC site JLA; replace MAG ID
MUCC_MAG_JLA_027	coastal	wetland	Zenodo	TBD	FALSE	NA	NA	NA	NA	NA	NA	NA	NA	MUCC v2.0.0; MUCC site JLA; replace MAG ID
MUCC_MAG_JLA_028	coastal	wetland	Zenodo	TBD	FALSE	NA	NA	NA	NA	NA	NA	NA	NA	MUCC v2.0.0; MUCC site JLA; replace MAG ID
MUCC_MAG_JLA_029	coastal	wetland	Zenodo	TBD	FALSE	NA	NA	NA	NA	NA	NA	NA	NA	MUCC v2.0.0; MUCC site JLA; replace MAG ID
MUCC_MAG_JLA_030	coastal	wetland	Zenodo	TBD	FALSE	NA	NA	NA	NA	NA	NA	NA	NA	MUCC v2.0.0; MUCC site JLA; replace MAG ID
MUCC_MAG_JLA_031	coastal	wetland	Zenodo	TBD	FALSE	NA	NA	NA	NA	NA	NA	NA	NA	MUCC v2.0.0; MUCC site JLA; replace MAG ID
MUCC_MAG_JLA_032	coastal	wetland	Zenodo	TBD	FALSE	NA	NA	NA	NA	NA	NA	NA	NA	MUCC v2.0.0; MUCC site JLA; replace MAG ID
MUCC_MAG_JLA_033	coastal	wetland	Zenodo	TBD	FALSE	NA	NA	NA	NA	NA	NA	NA	NA	MUCC v2.0.0; MUCC site JLA; replace MAG ID
MUCC_MAG_JLA_034	coastal	wetland	Zenodo	TBD	FALSE	NA	NA	NA	NA	NA	NA	NA	NA	MUCC v2.0.0; MUCC site JLA; replace MAG ID
MUCC_MAG_JLA_035	coastal	wetland	Zenodo	TBD	FALSE	NA	NA	NA	NA	NA	NA	NA	NA	MUCC v2.0.0; MUCC site JLA; replace MAG ID
MUCC_MAG_JLA_036	coastal	wetland	Zenodo	TBD	FALSE	NA	NA	NA	NA	NA	NA	NA	NA	MUCC v2.0.0; MUCC site JLA; replace MAG ID
MUCC_MAG_JLA_037	coastal	wetland	Zenodo	TBD	FALSE	NA	NA	NA	NA	NA	NA	NA	NA	MUCC v2.0.0; MUCC site JLA; replace MAG ID
MUCC_MAG_JLA_038	coastal	wetland	Zenodo	TBD	FALSE	NA	NA	NA	NA	NA	NA	NA	NA	MUCC v2.0.0; MUCC site JLA; replace MAG ID
MUCC_MAG_JLA_039	coastal	wetland	Zenodo	TBD	FALSE	NA	NA	NA	NA	NA	NA	NA	NA	MUCC v2.0.0; MUCC site JLA; replace MAG ID
MUCC_MAG_JLA_040	coastal	wetland	Zenodo	TBD	FALSE	NA	NA	NA	NA	NA	NA	NA	NA	MUCC v2.0.0; MUCC site JLA; replace MAG ID
MUCC_MAG_LA2_001	coastal	wetland	Zenodo	TBD	FALSE	NA	NA	NA	NA	NA	NA	NA	NA	MUCC v2.0.0; MUCC site LA2; replace MAG ID
MUCC_MAG_LA2_002	coastal	wetland	Zenodo	TBD	FALSE	NA	NA	NA	NA	NA	NA	NA	NA	MUCC v2.0.0; MUCC site LA2; replace MAG ID
MUCC_MAG_LA2_003	coastal	wetland	Zenodo	TBD	FALSE	NA	NA	NA	NA	NA	NA	NA	NA	MUCC v2.0.0; MUCC site LA2; replace MAG ID
MUCC_MAG_LA2_004	coastal	wetland	Zenodo	TBD	FALSE	NA	NA	NA	NA	NA	NA	NA	NA	MUCC v2.0.0; MUCC site LA2; replace MAG ID
MUCC_MAG_LA2_005	coastal	wetland	Zenodo	TBD	FALSE	NA	NA	NA	NA	NA	NA	NA	NA	MUCC v2.0.0; MUCC site LA2; replace MAG ID
MUCC_MAG_LA2_006	coastal	wetland	Zenodo	TBD	FALSE	NA	NA	NA	NA	NA	NA	NA	NA	MUCC v2.0.0; MUCC site LA2; replace MAG ID
MUCC_MAG_LA2_007	coastal	wetland	Zenodo	TBD	FALSE	NA	NA	NA	NA	NA	NA	NA	NA	MUCC v2.0.0; MUCC site LA2; replace MAG ID
MUCC_MAG_LA2_008	coastal	wetland	Zenodo	TBD	FALSE	NA	NA	NA	NA	NA	NA	NA	NA	MUCC v2.0.0; MUCC site LA2; replace MAG ID
MUCC_MAG_LA2_009	coastal	wetland	Zenodo	TBD	FALSE	NA	NA	NA	NA	NA	NA	NA	NA	MUCC v2.0.0; MUCC site LA2; replace MAG ID
MUCC_MAG_LA2_010	coastal	wetland	Zenodo	TBD	FALSE	NA	NA	NA	NA	NA	NA	NA	NA	MUCC v2.0.0; MUCC site LA2; replace MAG ID
MUCC_MAG_LA2_011	coastal	wetland	Zenodo	TBD	FALSE	NA	NA	NA	NA	NA	NA	NA	NA	MUCC v2.0.0; MUCC site LA2; replace MAG ID
MUCC_MAG_LA2_012	coastal	wetland	Zenodo	TBD	FALSE	NA	NA	NA	NA	NA	NA	NA	NA	MUCC v2.0.0; MUCC site LA2; replace MAG ID
MUCC_MAG_LA2_013	coastal	wetland	Zenodo	TBD	FALSE	NA	NA	NA	NA	NA	NA	NA	NA	MUCC v2.0.0; MUCC site LA2; replace MAG ID
MUCC_MAG_LA2_014	coastal	wetland	Zenodo	TBD	FALSE	NA	NA	NA	NA	NA	NA	NA	NA	MUCC v2.0.0; MUCC site LA2; replace MAG ID
MUCC_MAG_LA2_015	coastal	wetland	Zenodo	TBD	FALSE	NA	NA	NA	NA	NA	NA	NA	NA	MUCC v2.0.0; MUCC site LA2; replace MAG ID
MUCC_MAG_LA2_016	coastal	wetland	Zenodo	TBD	FALSE	NA	NA	NA	NA	NA	NA	NA	NA	MUCC v2.0.0; MUCC site LA2; replace MAG ID
MUCC_MAG_LA2_017	coastal	wetland	Zenodo	TBD	FALSE	NA	NA	NA	NA	NA	NA	NA	NA	MUCC v2.0.0; MUCC site LA2; replace MAG ID
MUCC_MAG_LA2_018	coastal	wetland	Zenodo	TBD	FALSE	NA	NA	NA	NA	NA	NA	NA	NA	MUCC v2.0.0; MUCC site LA2; replace MAG ID
MUCC_MAG_LA2_019	coastal	wetland	Zenodo	TBD	FALSE	NA	NA	NA	NA	NA	NA	NA	NA	MUCC v2.0.0; MUCC site LA2; replace MAG ID
MUCC_MAG_LA2_020	coastal	wetland	Zenodo	TBD	FALSE	NA	NA	NA	NA	NA	NA	NA	NA	MUCC v2.0.0; MUCC site LA2; replace MAG ID
MUCC_MAG_LA2_021	coastal	wetland	Zenodo	TBD	FALSE	NA	NA	NA	NA	NA	NA	NA	NA	MUCC v2.0.0; MUCC site LA2; replace MAG ID
MUCC_MAG_LA2_022	coastal	wetland	Zenodo	TBD	FALSE	NA	NA	NA	NA	NA	NA	NA	NA	MUCC v2.0.0; MUCC site LA2; replace MAG ID
MUCC_MAG_LA2_023	coastal	wetland	Zenodo	TBD	FALSE	NA	NA	NA	NA	NA	NA	NA	NA	MUCC v2.0.0; MUCC site LA2; replace MAG ID
MUCC_MAG_LA2_024	coastal	wetland	Zenodo	TBD	FALSE	NA	NA	NA	NA	NA	NA	NA	NA	MUCC v2.0.0; MUCC site LA2; replace MAG ID
MUCC_MAG_LA2_025	coastal	wetland	Zenodo	TBD	FALSE	NA	NA	NA	NA	NA	NA	NA	NA	MUCC v2.0.0; MUCC site LA2; replace MAG ID
MUCC_MAG_LA2_026	coastal	wetland	Zenodo	TBD	FALSE	NA	NA	NA	NA	NA	NA	NA	NA	MUCC v2.0.0; MUCC site LA2; replace MAG ID
MUCC_MAG_LA2_027	coastal	wetland	Zenodo	TBD	FALSE	NA	NA	NA	NA	NA	NA	NA	NA	MUCC v2.0.0; MUCC site LA2; replace MAG ID
MUCC_MAG_LA2_028	coastal	wetland	Zenodo	TBD	FALSE	NA	NA	NA	NA	NA	NA	NA	NA	MUCC v2.0.0; MUCC site LA2; replace MAG ID
MUCC_MAG_LA2_029	coastal	wetland	Zenodo	TBD	FALSE	NA	NA	NA	NA	NA	NA	NA	NA	MUCC v2.0.0; MUCC site LA2; replace MAG ID
MUCC_MAG_LA2_030	coastal	wetland	Zenodo	TBD	FALSE	NA	NA	NA	NA	NA	NA	NA	NA	MUCC v2.0.0; MUCC site LA2; replace MAG ID
MUCC_MAG_LA2_031	coastal	wetland	Zenodo	TBD	FALSE	NA	NA	NA	NA	NA	NA	NA	NA	MUCC v2.0.0; MUCC site LA2; replace MAG ID
MUCC_MAG_LA2_032	coastal	wetland	Zenodo	TBD	FALSE	NA	NA	NA	NA	NA	NA	NA	NA	MUCC v2.0.0; MUCC site LA2; replace MAG ID
MUCC_MAG_LA2_033	coastal	wetland	Zenodo	TBD	FALSE	NA	NA	NA	NA	NA	NA	NA	NA	MUCC v2.0.0; MUCC site LA2; replace MAG ID
MUCC_MAG_LA2_034	coastal	wetland	Zenodo	TBD	FALSE	NA	NA	NA	NA	NA	NA	NA	NA	MUCC v2.0.0; MUCC site LA2; replace MAG ID
MUCC_MAG_LA2_035	coastal	wetland	Zenodo	TBD	FALSE	NA	NA	NA	NA	NA	NA	NA	NA	MUCC v2.0.0; MUCC site LA2; replace MAG ID
MUCC_MAG_LA2_036	coastal	wetland	Zenodo	TBD	FALSE	NA	NA	NA	NA	NA	NA	NA	NA	MUCC v2.0.0; MUCC site LA2; replace MAG ID
MUCC_MAG_LA2_037	coastal	wetland	Zenodo	TBD	FALSE	NA	NA	NA	NA	NA	NA	NA	NA	MUCC v2.0.0; MUCC site LA2; replace MAG ID
MUCC_MAG_LA2_038	coastal	wetland	Zenodo	TBD	FALSE	NA	NA	NA	NA	NA	NA	NA	NA	MUCC v2.0.0; MUCC site LA2; replace MAG ID
MUCC_MAG_LA2_039	coastal	wetland	Zenodo	TBD	FALSE	NA	NA	NA	NA	NA	NA	NA	NA	MUCC v2.0.0; MUCC site LA2; replace MAG ID
MUCC_MAG_LA2_040	coastal	wetland	Zenodo	TBD	FALSE	NA	NA	NA	NA	NA	NA	NA	NA	MUCC v2.0.0; MUCC site LA2; replace MAG ID
MUCC_MAG_STORDALEN_001	coastal	wetland	Zenodo	TBD	FALSE	NA	NA	NA	NA	NA	NA	NA	NA	MUCC v2.0.0; MUCC site Stordalen Mire; replace MAG ID
MUCC_MAG_STORDALEN_002	coastal	wetland	Zenodo	TBD	FALSE	NA	NA	NA	NA	NA	NA	NA	NA	MUCC v2.0.0; MUCC site Stordalen Mire; replace MAG ID
MUCC_MAG_STORDALEN_003	coastal	wetland	Zenodo	TBD	FALSE	NA	NA	NA	NA	NA	NA	NA	NA	MUCC v2.0.0; MUCC site Stordalen Mire; replace MAG ID
MUCC_MAG_STORDALEN_004	coastal	wetland	Zenodo	TBD	FALSE	NA	NA	NA	NA	NA	NA	NA	NA	MUCC v2.0.0; MUCC site Stordalen Mire; replace MAG ID
MUCC_MAG_STORDALEN_005	coastal	wetland	Zenodo	TBD	FALSE	NA	NA	NA	NA	NA	NA	NA	NA	MUCC v2.0.0; MUCC site Stordalen Mire; replace MAG ID
MUCC_MAG_STORDALEN_006	coastal	wetland	Zenodo	TBD	FALSE	NA	NA	NA	NA	NA	NA	NA	NA	MUCC v2.0.0; MUCC site Stordalen Mire; replace MAG ID
MUCC_MAG_STORDALEN_007	coastal	wetland	Zenodo	TBD	FALSE	NA	NA	NA	NA	NA	NA	NA	NA	MUCC v2.0.0; MUCC site Stordalen Mire; replace MAG ID
MUCC_MAG_STORDALEN_008	coastal	wetland	Zenodo	TBD	FALSE	NA	NA	NA	NA	NA	NA	NA	NA	MUCC v2.0.0; MUCC site Stordalen Mire; replace MAG ID
MUCC_MAG_STORDALEN_009	coastal	wetland	Zenodo	TBD	FALSE	NA	NA	NA	NA	NA	NA	NA	NA	MUCC v2.0.0; MUCC site Stordalen Mire; replace MAG ID
MUCC_MAG_STORDALEN_010	coastal	wetland	Zenodo	TBD	FALSE	NA	NA	NA	NA	NA	NA	NA	NA	MUCC v2.0.0; MUCC site Stordalen Mire; replace MAG ID
MUCC_MAG_STORDALEN_011	coastal	wetland	Zenodo	TBD	FALSE	NA	NA	NA	NA	NA	NA	NA	NA	MUCC v2.0.0; MUCC site Stordalen Mire; replace MAG ID
MUCC_MAG_STORDALEN_012	coastal	wetland	Zenodo	TBD	FALSE	NA	NA	NA	NA	NA	NA	NA	NA	MUCC v2.0.0; MUCC site Stordalen Mire; replace MAG ID
MUCC_MAG_STORDALEN_013	coastal	wetland	Zenodo	TBD	FALSE	NA	NA	NA	NA	NA	NA	NA	NA	MUCC v2.0.0; MUCC site Stordalen Mire; replace MAG ID
MUCC_MAG_STORDALEN_014	coastal	wetland	Zenodo	TBD	FALSE	NA	NA	NA	NA	NA	NA	NA	NA	MUCC v2.0.0; MUCC site Stordalen Mire; replace MAG ID
MUCC_MAG_STORDALEN_015	coastal	wetland	Zenodo	TBD	FALSE	NA	NA	NA	NA	NA	NA	NA	NA	MUCC v2.0.0; MUCC site Stordalen Mire; replace MAG ID
MUCC_MAG_STORDALEN_016	coastal	wetland	Zenodo	TBD	FALSE	NA	NA	NA	NA	NA	NA	NA	NA	MUCC v2.0.0; MUCC site Stordalen Mire; replace MAG ID
MUCC_MAG_STORDALEN_017	coastal	wetland	Zenodo	TBD	FALSE	NA	NA	NA	NA	NA	NA	NA	NA	MUCC v2.0.0; MUCC site Stordalen Mire; replace MAG ID
MUCC_MAG_STORDALEN_018	coastal	wetland	Zenodo	TBD	FALSE	NA	NA	NA	NA	NA	NA	NA	NA	MUCC v2.0.0; MUCC site Stordalen Mire; replace MAG ID
MUCC_MAG_STORDALEN_019	coastal	wetland	Zenodo	TBD	FALSE	NA	NA	NA	NA	NA	NA	NA	NA	MUCC v2.0.0; MUCC site Stordalen Mire; replace MAG ID
MUCC_MAG_STORDALEN_020	coastal	wetland	Zenodo	TBD	FALSE	NA	NA	NA	NA	NA	NA	NA	NA	MUCC v2.0.0; MUCC site Stordalen Mire; replace MAG ID
MUCC_MAG_STORDALEN_021	coastal	wetland	Zenodo	TBD	FALSE	NA	NA	NA	NA	NA	NA	NA	NA	MUCC v2.0.0; MUCC site Stordalen Mire; replace MAG ID
MUCC_MAG_STORDALEN_022	coastal	wetland	Zenodo	TBD	FALSE	NA	NA	NA	NA	NA	NA	NA	NA	MUCC v2.0.0; MUCC site Stordalen Mire; replace MAG ID
MUCC_MAG_STORDALEN_023	coastal	wetland	Zenodo	TBD	FALSE	NA	NA	NA	NA	NA	NA	NA	NA	MUCC v2.0.0; MUCC site Stordalen Mire; replace MAG ID
MUCC_MAG_STORDALEN_024	coastal	wetland	Zenodo	TBD	FALSE	NA	NA	NA	NA	NA	NA	NA	NA	MUCC v2.0.0; MUCC site Stordalen Mire; replace MAG ID
MUCC_MAG_STORDALEN_025	coastal	wetland	Zenodo	TBD	FALSE	NA	NA	NA	NA	NA	NA	NA	NA	MUCC v2.0.0; MUCC site Stordalen Mire; replace MAG ID
MUCC_MAG_STORDALEN_026	coastal	wetland	Zenodo	TBD	FALSE	NA	NA	NA	NA	NA	NA	NA	NA	MUCC v2.0.0; MUCC site Stordalen Mire; replace MAG ID
MUCC_MAG_STORDALEN_027	coastal	wetland	Zenodo	TBD	FALSE	NA	NA	NA	NA	NA	NA	NA	NA	MUCC v2.0.0; MUCC site Stordalen Mire; replace MAG ID
MUCC_MAG_STORDALEN_028	coastal	wetland	Zenodo	TBD	FALSE	NA	NA	NA	NA	NA	NA	NA	NA	MUCC v2.0.0; MUCC site Stordalen Mire; replace MAG ID
MUCC_MAG_STORDALEN_029	coastal	wetland	Zenodo	TBD	FALSE	NA	NA	NA	NA	NA	NA	NA	NA	MUCC v2.0.0; MUCC site Stordalen Mire; replace MAG ID
MUCC_MAG_STORDALEN_030	coastal	wetland	Zenodo	TBD	FALSE	NA	NA	NA	NA	NA	NA	NA	NA	MUCC v2.0.0; MUCC site Stordalen Mire; replace MAG ID
MUCC_MAG_STORDALEN_031	coastal	wetland	Zenodo	TBD	FALSE	NA	NA	NA	NA	NA	NA	NA	NA	MUCC v2.0.0; MUCC site Stordalen Mire; replace MAG ID
MUCC_MAG_STORDALEN_032	coastal	wetland	Zenodo	TBD	FALSE	NA	NA	NA	NA	NA	NA	NA	NA	MUCC v2.0.0; MUCC site Stordalen Mire; replace MAG ID
MUCC_MAG_STORDALEN_033	coastal	wetland	Zenodo	TBD	FALSE	NA	NA	NA	NA	NA	NA	NA	NA	MUCC v2.0.0; MUCC site Stordalen Mire; replace MAG ID
MUCC_MAG_STORDALEN_034	coastal	wetland	Zenodo	TBD	FALSE	NA	NA	NA	NA	NA	NA	NA	NA	MUCC v2.0.0; MUCC site Stordalen Mire; replace MAG ID
MUCC_MAG_STORDALEN_035	coastal	wetland	Zenodo	TBD	FALSE	NA	NA	NA	NA	NA	NA	NA	NA	MUCC v2.0.0; MUCC site Stordalen Mire; replace MAG ID
MUCC_MAG_STORDALEN_036	coastal	wetland	Zenodo	TBD	FALSE	NA	NA	NA	NA	NA	NA	NA	NA	MUCC v2.0.0; MUCC site Stordalen Mire; replace MAG ID
MUCC_MAG_STORDALEN_037	coastal	wetland	Zenodo	TBD	FALSE	NA	NA	NA	NA	NA	NA	NA	NA	MUCC v2.0.0; MUCC site Stordalen Mire; replace MAG ID
MUCC_MAG_STORDALEN_038	coastal	wetland	Zenodo	TBD	FALSE	NA	NA	NA	NA	NA	NA	NA	NA	MUCC v2.0.0; MUCC site Stordalen Mire; replace MAG ID
MUCC_MAG_STORDALEN_039	coastal	wetland	Zenodo	TBD	FALSE	NA	NA	NA	NA	NA	NA	NA	NA	MUCC v2.0.0; MUCC site Stordalen Mire; replace MAG ID
MUCC_MAG_STORDALEN_040	coastal	wetland	Zenodo	TBD	FALSE	NA	NA	NA	NA	NA	NA	NA	NA	MUCC v2.0.0; MUCC site Stordalen Mire; replace MAG ID
MUCC_MAG_SPRUCE_001	coastal	wetland	Zenodo	TBD	FALSE	NA	NA	NA	NA	NA	NA	NA	NA	MUCC v2.0.0; MUCC site SPRUCE; replace MAG ID
MUCC_MAG_SPRUCE_002	coastal	wetland	Zenodo	TBD	FALSE	NA	NA	NA	NA	NA	NA	NA	NA	MUCC v2.0.0; MUCC site SPRUCE; replace MAG ID
MUCC_MAG_SPRUCE_003	coastal	wetland	Zenodo	TBD	FALSE	NA	NA	NA	NA	NA	NA	NA	NA	MUCC v2.0.0; MUCC site SPRUCE; replace MAG ID
MUCC_MAG_SPRUCE_004	coastal	wetland	Zenodo	TBD	FALSE	NA	NA	NA	NA	NA	NA	NA	NA	MUCC v2.0.0; MUCC site SPRUCE; replace MAG ID
MUCC_MAG_SPRUCE_005	coastal	wetland	Zenodo	TBD	FALSE	NA	NA	NA	NA	NA	NA	NA	NA	MUCC v2.0.0; MUCC site SPRUCE; replace MAG ID
MUCC_MAG_SPRUCE_006	coastal	wetland	Zenodo	TBD	FALSE	NA	NA	NA	NA	NA	NA	NA	NA	MUCC v2.0.0; MUCC site SPRUCE; replace MAG ID
MUCC_MAG_SPRUCE_007	coastal	wetland	Zenodo	TBD	FALSE	NA	NA	NA	NA	NA	NA	NA	NA	MUCC v2.0.0; MUCC site SPRUCE; replace MAG ID
MUCC_MAG_SPRUCE_008	coastal	wetland	Zenodo	TBD	FALSE	NA	NA	NA	NA	NA	NA	NA	NA	MUCC v2.0.0; MUCC site SPRUCE; replace MAG ID
MUCC_MAG_SPRUCE_009	coastal	wetland	Zenodo	TBD	FALSE	NA	NA	NA	NA	NA	NA	NA	NA	MUCC v2.0.0; MUCC site SPRUCE; replace MAG ID
MUCC_MAG_SPRUCE_010	coastal	wetland	Zenodo	TBD	FALSE	NA	NA	NA	NA	NA	NA	NA	NA	MUCC v2.0.0; MUCC site SPRUCE; replace MAG ID
MUCC_MAG_SPRUCE_011	coastal	wetland	Zenodo	TBD	FALSE	NA	NA	NA	NA	NA	NA	NA	NA	MUCC v2.0.0; MUCC site SPRUCE; replace MAG ID
MUCC_MAG_SPRUCE_012	coastal	wetland	Zenodo	TBD	FALSE	NA	NA	NA	NA	NA	NA	NA	NA	MUCC v2.0.0; MUCC site SPRUCE; replace MAG ID
MUCC_MAG_SPRUCE_013	coastal	wetland	Zenodo	TBD	FALSE	NA	NA	NA	NA	NA	NA	NA	NA	MUCC v2.0.0; MUCC site SPRUCE; replace MAG ID
MUCC_MAG_SPRUCE_014	coastal	wetland	Zenodo	TBD	FALSE	NA	NA	NA	NA	NA	NA	NA	NA	MUCC v2.0.0; MUCC site SPRUCE; replace MAG ID
MUCC_MAG_SPRUCE_015	coastal	wetland	Zenodo	TBD	FALSE	NA	NA	NA	NA	NA	NA	NA	NA	MUCC v2.0.0; MUCC site SPRUCE; replace MAG ID
MUCC_MAG_SPRUCE_016	coastal	wetland	Zenodo	TBD	FALSE	NA	NA	NA	NA	NA	NA	NA	NA	MUCC v2.0.0; MUCC site SPRUCE; replace MAG ID
MUCC_MAG_SPRUCE_017	coastal	wetland	Zenodo	TBD	FALSE	NA	NA	NA	NA	NA	NA	NA	NA	MUCC v2.0.0; MUCC site SPRUCE; replace MAG ID
MUCC_MAG_SPRUCE_018	coastal	wetland	Zenodo	TBD	FALSE	NA	NA	NA	NA	NA	NA	NA	NA	MUCC v2.0.0; MUCC site SPRUCE; replace MAG ID
MUCC_MAG_SPRUCE_019	coastal	wetland	Zenodo	TBD	FALSE	NA	NA	NA	NA	NA	NA	NA	NA	MUCC v2.0.0; MUCC site SPRUCE; replace MAG ID
MUCC_MAG_SPRUCE_020	coastal	wetland	Zenodo	TBD	FALSE	NA	NA	NA	NA	NA	NA	NA	NA	MUCC v2.0.0; MUCC site SPRUCE; replace MAG ID
MUCC_MAG_SPRUCE_021	coastal	wetland	Zenodo	TBD	FALSE	NA	NA	NA	NA	NA	NA	NA	NA	MUCC v2.0.0; MUCC site SPRUCE; replace MAG ID
MUCC_MAG_SPRUCE_022	coastal	wetland	Zenodo	TBD	FALSE	NA	NA	NA	NA	NA	NA	NA	NA	MUCC v2.0.0; MUCC site SPRUCE; replace MAG ID
MUCC_MAG_SPRUCE_023	coastal	wetland	Zenodo	TBD	FALSE	NA	NA	NA	NA	NA	NA	NA	NA	MUCC v2.0.0; MUCC site SPRUCE; replace MAG ID
MUCC_MAG_SPRUCE_024	coastal	wetland	Zenodo	TBD	FALSE	NA	NA	NA	NA	NA	NA	NA	NA	MUCC v2.0.0; MUCC site SPRUCE; replace MAG ID
MUCC_MAG_SPRUCE_025	coastal	wetland	Zenodo	TBD	FALSE	NA	NA	NA	NA	NA	NA	NA	NA	MUCC v2.0.0; MUCC site SPRUCE; replace MAG ID
MUCC_MAG_SPRUCE_026	coastal	wetland	Zenodo	TBD	FALSE	NA	NA	NA	NA	NA	NA	NA	NA	MUCC v2.0.0; MUCC site SPRUCE; replace MAG ID
MUCC_MAG_SPRUCE_027	coastal	wetland	Zenodo	TBD	FALSE	NA	NA	NA	NA	NA	NA	NA	NA	MUCC v2.0.0; MUCC site SPRUCE; replace MAG ID
MUCC_MAG_SPRUCE_028	coastal	wetland	Zenodo	TBD	FALSE	NA	NA	NA	NA	NA	NA	NA	NA	MUCC v2.0.0; MUCC site SPRUCE; replace MAG ID
MUCC_MAG_SPRUCE_029	coastal	wetland	Zenodo	TBD	FALSE	NA	NA	NA	NA	NA	NA	NA	NA	MUCC v2.0.0; MUCC site SPRUCE; replace MAG ID
MUCC_MAG_SPRUCE_030	coastal	wetland	Zenodo	TBD	FALSE	NA	NA	NA	NA	NA	NA	NA	NA	MUCC v2.0.0; MUCC site SPRUCE; replace MAG ID
MUCC_MAG_SPRUCE_031	coastal	wetland	Zenodo	TBD	FALSE	NA	NA	NA	NA	NA	NA	NA	NA	MUCC v2.0.0; MUCC site SPRUCE; replace MAG ID
MUCC_MAG_SPRUCE_032	coastal	wetland	Zenodo	TBD	FALSE	NA	NA	NA	NA	NA	NA	NA	NA	MUCC v2.0.0; MUCC site SPRUCE; replace MAG ID
MUCC_MAG_SPRUCE_033	coastal	wetland	Zenodo	TBD	FALSE	NA	NA	NA	NA	NA	NA	NA	NA	MUCC v2.0.0; MUCC site SPRUCE; replace MAG ID
MUCC_MAG_SPRUCE_034	coastal	wetland	Zenodo	TBD	FALSE	NA	NA	NA	NA	NA	NA	NA	NA	MUCC v2.0.0; MUCC site SPRUCE; replace MAG ID
MUCC_MAG_SPRUCE_035	coastal	wetland	Zenodo	TBD	FALSE	NA	NA	NA	NA	NA	NA	NA	NA	MUCC v2.0.0; MUCC site SPRUCE; replace MAG ID
MUCC_MAG_SPRUCE_036	coastal	wetland	Zenodo	TBD	FALSE	NA	NA	NA	NA	NA	NA	NA	NA	MUCC v2.0.0; MUCC site SPRUCE; replace MAG ID
MUCC_MAG_SPRUCE_037	coastal	wetland	Zenodo	TBD	FALSE	NA	NA	NA	NA	NA	NA	NA	NA	MUCC v2.0.0; MUCC site SPRUCE; replace MAG ID
MUCC_MAG_SPRUCE_038	coastal	wetland	Zenodo	TBD	FALSE	NA	NA	NA	NA	NA	NA	NA	NA	MUCC v2.0.0; MUCC site SPRUCE; replace MAG ID
MUCC_MAG_SPRUCE_039	coastal	wetland	Zenodo	TBD	FALSE	NA	NA	NA	NA	NA	NA	NA	NA	MUCC v2.0.0; MUCC site SPRUCE; replace MAG ID
MUCC_MAG_SPRUCE_040	coastal	wetland	Zenodo	TBD	FALSE	NA	NA	NA	NA	NA	NA	NA	NA	MUCC v2.0.0; MUCC site SPRUCE; replace MAG ID
